Customer_ID,Tenure_Years,Active_Products,Current_Balance,Avg_3Month_Balance,Monthly_Transactions_Current,Monthly_Transactions_Last_Month,Balance_Velocity,Transaction_Dropoff,Churn_Label,Churn_Probability,AI_Prompt,AI_Retention_Email
10002,6,2,12206.04,6003.17,7,45,2.0329,-0.8444,0,0.1447,"[ROLE]: Senior Financial Retention Strategist at a Big 5 Bank
    [CLIENT METRICS]:
    - Customer Account ID: 10002
    - Account Tenure: 6 Years
    - Estimated Attrition Risk: 14.5%
    - Asset Balance Velocity: 2.03
    - Monthly Transaction Volume Drop-off: -84.4%

    [TASK]: Synthesize a highly personalized retention outreach blueprint.
    If Balance Velocity is low, offer an exclusive high-interest TFSA/GIC rate match.
    If Transaction Drop-off is high, offer a 12-month annual fee waiver on their premium credit card product.
    Keep the tone professional, empathetic, and concise","## Retention Outreach Blueprint: Customer Account ID: 10002

**Role:** Senior Financial Retention Strategist

**Objective:** To proactively engage Customer 10002, a valued long-term client, address a significant decline in transactional activity, mitigate the estimated 14.5% attrition risk, and reinforce their comprehensive financial relationship with the bank.

---

**1. Client Context & Strategic Imperatives:**

*   **Customer ID:** 10002
*   **Account Tenure:** 6 Years (Valued, established relationship)
*   **Estimated Attrition Risk:** 14.5% (Requires immediate, targeted intervention)
*   **Asset Balance Velocity:** 2.03 (Indicates strong asset growth, suggesting continued trust in our investment offerings, which is a positive anchor.)
*   **Monthly Transaction Volume Drop-off:** -84.4% (Critical concern. This severe drop indicates a high likelihood of the client shifting primary transactional banking elsewhere, despite growing assets with us.)

**Strategic Insight:** While Customer 10002 continues to grow their assets with us, the dramatic decrease in transactional activity signals a potential compartmentalization of their banking needs. The strategy must leverage their existing trust in our investment products to re-engage their primary transactional banking relationship.

---

**2. Proposed Outreach Channel:**

*   **Primary:** Personalized direct phone call from their dedicated Relationship Manager (RM) or a Senior Retention Specialist.
*   **Follow-up:** Concise, personalized email summarizing the conversation and proposed offers.

---

**3. Key Message Points (for RM/Specialist Script):**

*   **Acknowledge & Appreciate (Empathetic Opening):**
    *   ""Good morning/afternoon, [Client Name]. This is [Your Name] from [Bank Name]. I'm calling because as a valued client for 6 years, your relationship with us is very important. We truly appreciate your continued trust, especially with the healthy growth we're seeing in your asset balances."" (Leverage positive Asset Balance Velocity here).
*   **Express Concern & Probe (Empathetic Inquiry):**
    *   ""We've also noticed a significant decrease in your monthly transaction volume lately, and we want to ensure we're still meeting all your financial needs. We're concerned that perhaps your current banking setup isn't fully optimized for you, and we want to understand if anything has changed or if there's anything we could be doing better.""
*   **Proactive Value Proposition & Offer (Concise Solution):**
    *   ""Our goal is to provide a seamless and rewarding experience across all your banking needs. To demonstrate our commitment to earning back your full transactional relationship, we'd like to offer a **12-month annual fee waiver on your premium credit card product**."" (Directly addresses the -84.4% Transaction Drop-off, encouraging re-engagement with a core transactional product).
    *   ""This offer is designed to ensure you continue to benefit from the premium features and rewards without any associated fees, making your everyday banking more valuable with us.""
*   **Reinforce Holistic Relationship (Professional Call to Action):**
    *   ""We'd love the opportunity to review your overall financial picture to ensure we're not only supporting your investment goals but also optimizing your daily banking experience. Would you be open to a brief conversation sometime next week to discuss how we can better support all your needs?""

---

**4. Proposed Offers (Triggered by Client Metrics):**

*   **Offer 1 (Trigger: Monthly Transaction Volume Drop-off: -84.4%):**
    *   **12-Month Annual Fee Waiver** on their premium credit card product. This directly incentivizes increased transactional activity and re-establishes the bank as their primary card provider.

*(Note: The condition ""If Balance Velocity is low, offer an exclusive high-interest TFSA/GIC rate match"" is not met, as an Asset Balance Velocity of 2.03 indicates strong growth, not low.)*

---

**5. Tone & Delivery:**

*   **Professional:** Maintain a high standard of communication, reflecting the bank's brand.
*   **Empathetic:** Understand that client needs evolve and acknowledge potential reasons for shifting behavior without blame.
*   **Concise:** Respect the client's time, getting straight to the point while conveying value. Focus on solutions and their benefit to the client.

This blueprint aims to address the most critical pain point (transactional drop-off) while acknowledging existing strengths (asset growth) to re-engage Customer 10002 comprehensively."
10004,4,1,53.24,10076.46,43,7,0.0053,5.1429,0,0.1544,"[ROLE]: Senior Financial Retention Strategist at a Big 5 Bank
    [CLIENT METRICS]:
    - Customer Account ID: 10004
    - Account Tenure: 4 Years
    - Estimated Attrition Risk: 15.4%
    - Asset Balance Velocity: 0.01
    - Monthly Transaction Volume Drop-off: 514.3%

    [TASK]: Synthesize a highly personalized retention outreach blueprint.
    If Balance Velocity is low, offer an exclusive high-interest TFSA/GIC rate match.
    If Transaction Drop-off is high, offer a 12-month annual fee waiver on their premium credit card product.
    Keep the tone professional, empathetic, and concise","**Retention Outreach Blueprint: Account ID 10004**

**Client Snapshot:**
*   **Customer Account ID:** 10004
*   **Account Tenure:** 4 Years
*   **Estimated Attrition Risk:** 15.4% (Primary Driver)
*   **Asset Balance Velocity:** 0.01 (Very Low - Indicates stagnant/decreasing assets)
*   **Monthly Transaction Volume Drop-off:** 514.3% (Extremely High - Indicates significant disengagement/loss of primary banking)

---

**Communication Goal:** Proactively re-engage a valued client showing significant signs of disengagement and high attrition risk, by offering personalized solutions tailored to their observed activity changes.

**Channel:** Personalized Email followed by a direct call from the Relationship Manager/Senior Advisor.

**Tone:** Professional, Empathetic, Concise.

---

**[BLUEPRINT STARTS HERE]**

**Subject Line:** A Proactive Review of Your Account: Enhancing Your Banking Experience with [Bank Name]

**Opening:**
""Dear Valued Client,

As a client who has trusted [Bank Name] for the past four years, your financial well-being and satisfaction are of utmost importance to us. We regularly review our clients' accounts to ensure we are consistently meeting their evolving financial needs and providing the best possible support.""

**Observation & Empathy:**
""In reviewing your recent account activity, we've noticed some shifts in your engagement that suggest we might not be fully aligning with your current financial priorities. Our aim is to better understand any changes in your banking habits and to ensure your relationship with us remains as valuable as possible.""

**Tailored Solutions & Exclusive Offers:**
""To reaffirm our commitment to being your primary financial partner, we'd like to extend two exclusive opportunities designed to address these trends and enhance your overall banking experience:

1.  **Maximizing Your Growth (Addressing Low Balance Velocity):**
    Given current market opportunities, we want to ensure your savings are working as hard as possible for you. We are pleased to offer you access to an **exclusive, high-interest rate match on our TFSA or GIC products**. This special rate is available only to a select group of our valued clients and is designed to significantly boost your asset growth.

2.  **Enhancing Your Daily Banking (Addressing High Transaction Drop-off):**
    To simplify and reward your continued banking with us, we are also offering a **12-month annual fee waiver on your premium credit card product**. This is a gesture of appreciation for your loyalty and an invitation to fully utilize the benefits of your premium card without the annual cost.""

**Call to Action:**
""We invite you to connect with your dedicated Financial Advisor, or myself, at your earliest convenience. This conversation would allow us to discuss these tailored offers in more detail, understand your current financial landscape, and ensure we are proactively supporting your goals. We're here to listen and provide solutions that truly serve your best interests.""

**Closing:**
""We are committed to being your trusted financial partner and look forward to the opportunity to discuss how we can continue to meet and exceed your expectations.

Sincerely,

[Your Name]
Senior Financial Retention Strategist
[Bank Name]""

---
**Internal Notes for Follow-up (Not for Client):**
*   **Prepare specific TFSA/GIC rate match details:** Ensure it's genuinely competitive and compelling.
*   **Verify Premium Credit Card eligibility:** Confirm client has or is eligible for a premium card to make the offer concrete.
*   **Be prepared to listen actively:** The client may reveal underlying reasons for disengagement. Focus on rebuilding trust and understanding their evolving needs.
*   **Track offer redemption:** Monitor engagement post-outreach."
10005,12,3,114.2,13230.62,25,15,0.0086,0.6667,0,0.5027,"[ROLE]: Senior Financial Retention Strategist at a Big 5 Bank
    [CLIENT METRICS]:
    - Customer Account ID: 10005
    - Account Tenure: 12 Years
    - Estimated Attrition Risk: 50.3%
    - Asset Balance Velocity: 0.01
    - Monthly Transaction Volume Drop-off: 66.7%

    [TASK]: Synthesize a highly personalized retention outreach blueprint.
    If Balance Velocity is low, offer an exclusive high-interest TFSA/GIC rate match.
    If Transaction Drop-off is high, offer a 12-month annual fee waiver on their premium credit card product.
    Keep the tone professional, empathetic, and concise","**Internal Note for Strategist/Advisor:**

**Client Account ID:** 10005
**Tenure:** 12 Years (High Value, Long-Standing Client)
**Attrition Risk:** 50.3% (Critical – Immediate, personalized outreach required)
**Key Triggers Met:**
1.  **Asset Balance Velocity (0.01):** Critically low. Offer: Exclusive high-interest TFSA/GIC rate match.
2.  **Monthly Transaction Volume Drop-off (66.7%):** Critically high. Offer: 12-month annual fee waiver on premium credit card product.

---

**Retention Outreach Blueprint: Account 10005**

**Subject: An Exclusive Opportunity for You, [Client Name] – A Valued 12-Year Client**

Dear [Client Name],

As a Senior Financial Retention Strategist at [Bank Name], I personally review the accounts of our most valued, long-standing clients, and your 12 years with us are incredibly important. My primary goal is to ensure your banking experience consistently aligns with your financial aspirations and provides maximum value.

In reviewing your recent account activity, I've noted a couple of areas where we believe we can significantly enhance the benefits you receive and better support your financial journey.

First, we've observed that the growth potential of your assets hasn't been fully realized recently. To ensure your long-term savings are working as hard as possible for you, we would like to offer you an **exclusive, high-interest TFSA or GIC rate match**, tailored to boost your returns significantly beyond our standard offerings.

Second, we’ve also noticed a recent decrease in your monthly transaction volume. To ensure you continue to benefit from our premium services and to make your everyday banking even more rewarding, we're pleased to extend a **12-month annual fee waiver on your premium credit card product**.

These are just two ways we hope to reaffirm our commitment to you. I would welcome the opportunity to connect briefly to discuss how these tailored solutions, or any other financial guidance, can best serve your current needs and future goals.

Please reply to this email or call me directly at [Strategist Phone Number] to schedule a convenient time for a brief consultation.

Sincerely,

[Your Name]
Senior Financial Retention Strategist
[Bank Name]"
